"Keyword","Trends","Impressions"
"duas meaning","[31,24]","55"
"dua islam","[35,23]","58"
"que significa dua","[20,21,20]","61"
"dua collection","[28,41]","69"
"dosray ashray ki dua","[103]","103"
"what is dua","[21,20,0,0,26,36]","103"
"angka dua","[27,22,21,20,26]","116"
"islamic dua","[21,20,21,29,28]","119"
"dua masura","[20,48,56]","124"
"rabbana dua","[22,20,0,36,48]","126"
"the westin nusa dua","[21,32,20,20,24,22]","139"
"dua kunut","[28,71,47]","146"
"que es el dua en educación","[23,22,22,30,23,30,20]","170"
"consultar dua","[21,26,22,26,30,35,31]","191"
"suhoor dua","[126,65]","191"
"diseño universal para el aprendizaje","[23,31,0,21,22,22,0,0,35,39]","193"
"hancurkan juventus dua kali memang dasarnya como tim jago","[195]","195"
"dua que es","[32,25,25,23,28,21,23,26]","203"
"iftari dua","[120,87]","207"
"dua lipa callum","[0,0,0,0,0,0,48,35,66,60]","209"
"dua pdf","[27,0,0,21,35,23,30,28,21,32]","217"
"dua iftitah","[97,120]","217"
"dua lipa idgaf","[24,32,31,28,21,26,27,32]","221"
"iftar ki dua hindi","[135,97]","232"
"dua ramadan","[36,138,84]","258"
"dua aduanas","[28,23,22,23,24,26,21,39,28,27]","261"
"dua taraweeh","[165,98]","263"
"breaking fast dua","[25,120,128]","273"
"dua for sehri","[185,90]","275"
"dua for suhoor","[25,171,85]","281"
"roza iftar ki dua","[172,114]","286"
"dua iftar","[21,142,125]","288"
"dua for opening fast","[162,128]","290"
"dua lipa engaged","[20,28,55,38,82,70]","293"
"dua sefaz","[31,33,34,43,31,48,42,39]","301"
"fasting dua","[20,34,152,96]","302"
"que es dua","[33,39,20,33,33,39,22,48,28,41]","336"
"ai dua em ve","[42,130,172]","344"
"dua to break fast","[193,155]","348"
"duas.org","[30,20,50,33,22,62,70,63]","350"
"dua lipa don't start now","[37,39,32,34,36,35,32,44,23,0,44]","356"
"diseño universal para el aprendizaje dua","[55,32,31,36,32,24,36,38,62,46]","392"
"qunoot dua","[21,25,30,41,43,36,34,79,85]","394"
"dua qunut","[39,25,32,31,24,42,43,31,94,54]","415"
"romawi sepuluh dua","[76,84,85,81,99]","425"
"dua lipa new rules","[50,45,45,38,41,36,43,35,36,24,45]","438"
"novotel bali nusa dua","[41,27,26,36,70,38,34,42,49,32,47]","442"
"nusa dua beach hotel","[34,42,33,47,45,51,46,34,38,39,43]","452"
"dua lipa be the one","[37,35,35,57,48,42,46,42,46,30,37]","455"
"dua meaning","[33,35,31,38,49,49,43,45,39,50,47]","459"
"first ashra dua","[328,134]","462"
"principios del dua","[51,63,38,53,41,39,34,44,42,59]","464"
"fashion bites dua lipa con bvlgari la colección de invitada de simorra y las gafas de tous","[465]","465"
"principios dua","[67,64,21,31,57,46,26,41,36,36,51]","476"
"dua associates","[33,38,29,33,55,42,65,52,44,52,48]","491"
"dua tica","[56,58,23,20,22,49,72,44,72,26,51]","493"
"pehle ashray ki dua","[358,152]","510"
"mangga dua","[45,41,69,58,36,59,47,43,40,36,42]","516"
"dua pentolan kkb yahukimo ditangkap","[521]","521"
"dua for ramadan","[30,69,295,129]","523"
"dua kapal induk disiagakan as desak warganya tinggalkan israel secepatnya","[528]","528"
"ai dua em ve lyrics","[56,189,292]","537"
"dua vit","[50,45,39,46,59,47,58,68,59,27,55]","553"
"diseño universal de aprendizaje","[88,71,37,44,47,64,51,57,52,54]","565"
"ma dua unemployment","[22,25,33,53,51,46,57,75,77,76,66]","581"
"romawi dua","[23,50,94,115,110,90,109]","591"
"don't start now","[97,71,47,36,45,63,41,55,50,37,51]","593"
"dua hacienda","[44,68,58,68,60,65,42,84,88,50]","627"
"grand mirage nusa dua","[54,35,59,68,63,85,48,52,88,100]","652"
"dua tica consultas","[58,78,39,57,68,73,58,63,51,57,54]","656"
"dua lipa husband","[49,35,38,53,63,29,42,86,66,127,91]","679"
"dua sunat","[60,56,36,73,64,76,60,73,75,62,64]","699"
"polri buru dua wn china otak penipuan etilang","[732]","732"
"dua lipa tour","[96,65,64,78,64,48,77,55,86,61,40]","734"
"dhikr and dua","[67,64,57,52,85,76,42,61,68,98,79]","749"
"una dua","[51,44,50,77,64,93,76,61,80,80,76]","752"
"dua tawassul","[76,59,28,42,82,55,84,107,77,72,75]","757"
"ramadan dua","[21,34,64,457,201]","777"
"dua for iftar","[20,39,45,431,263]","798"
"sehri ki dua","[38,24,538,202]","802"
"dua kumayl","[63,63,48,61,60,65,86,123,74,72,112]","827"
"dua dua","[109,111,100,134,135,130,47,22,31,24]","843"
"dua for fasting","[22,39,46,31,492,268]","898"
"iftar ki dua","[41,25,518,348]","932"
"sehri dua","[32,34,638,245]","949"
"dua brand perfume","[101,76,83,82,100,82,88,70,67,101,102]","952"
"que es el dua","[118,101,23,50,74,92,84,76,81,106,151]","956"
"dua lipa instagram","[130,127,88,72,83,100,73,64,85,81,76]","979"
"dua vit random","[98,98,54,80,101,96,114,165,88,30,99]","1023"
"dua es","[111,90,116,102,56,81,196,132,56,96]","1036"
"dua before eating","[114,104,76,85,75,100,96,102,122,112,96]","1082"
"potensi jogja punya dua klub super league pss kangkangi persipura untuk puncaki grup timur championship","[1084]","1084"
"sofitel nusa dua","[87,73,81,146,100,110,113,85,100,94,100]","1089"
"dua unemployment","[48,45,109,135,104,82,96,133,109,121,120]","1102"
"taraweeh dua","[34,713,357]","1104"
"dua xe oto","[141,144,67,101,109,97,86,139,116,41,76]","1117"
"consulta de dua","[92,110,61,99,110,127,125,98,113,98,110]","1143"
"dua xe game","[161,144,93,100,135,89,102,140,69,72,70]","1175"
"dua lipa naked","[137,146,136,109,119,122,87,93,105,117,93]","1264"
"pembunuhan sadis gegerkan sedayu bantul dua pelaku kabur pakai motor","[1297]","1297"
"dua lipa bikini","[149,105,121,136,106,142,121,107,97,131,120]","1335"
"dua after eating","[147,130,122,112,123,111,141,120,107,132,95]","1340"
"roza kholne ki dua","[44,113,24,732,483]","1396"
"morning dua","[92,102,96,96,126,124,142,154,208,166,153]","1459"
"ma dua","[114,130,117,193,166,162,140,113,96,145,92]","1468"
"tica consultas dua","[103,131,65,128,176,143,140,142,163,142,151]","1484"
"taraweeh ki dua","[20,32,1015,433]","1500"
"grand hyatt nusa dua","[91,72,92,89,121,175,182,174,146,216,165]","1523"
"dua istikhara","[145,120,122,148,163,136,166,141,144,133,141]","1559"
"dua for breaking fast","[22,27,28,49,30,66,74,105,684,493]","1578"
"dua pune","[137,116,61,148,132,154,152,164,178,194,190]","1626"
"merusaka nusa dua","[173,139,107,150,150,141,168,198,150,139,185]","1700"
"azkar","[115,121,120,123,160,125,172,189,180,220,194]","1719"
"dua leo truyen","[133,169,190,172,192,186,143,142,167,120,158]","1772"
"duaa","[138,153,61,137,152,182,175,202,178,180,218]","1776"
"dua lipa height","[197,171,165,163,176,142,189,166,156,151,110]","1786"
"mass dua login","[148,161,180,187,181,193,153,155,162,143,146]","1809"
"nusa dua bali","[132,111,103,178,199,199,216,174,172,157,179]","1820"
"dua puluh","[255,243,262,275,235,202,103,92,120,120,119]","2026"
"mass dua","[178,144,157,234,196,214,199,223,195,153,177]","2070"
"dua lipa boyfriend","[194,164,164,246,197,171,195,143,185,278,163]","2100"
"roza rakhne ki dua","[61,26,27,125,58,1423,405]","2125"
"iftar dua","[22,20,21,65,76,1231,903]","2338"
"istikhara dua","[211,224,183,231,199,229,254,209,200,207,239]","2386"
"dua fragrances","[273,225,241,207,168,199,193,241,195,240,233]","2415"
"sefaz espírito santo","[204,265,84,293,286,224,244,227,255,146,192]","2420"
"duas","[232,186,157,196,191,213,240,274,290,288,293]","2560"
"dua login","[189,203,288,387,261,263,234,208,205,173,156]","2567"
"dua belas","[272,248,280,330,263,261,189,188,191,179,173]","2574"
"game dua xe","[320,304,321,263,258,224,182,221,195,155,149]","2592"
"dua lipa age","[264,234,252,242,248,253,266,227,193,237,204]","2620"
"dualipa","[508,315,232,236,229,230,213,210,189,196,200]","2758"
"dua xe","[183,206,170,176,235,241,312,323,269,250,397]","2762"
"manzil dua","[305,292,303,312,314,308,279,281,263,274,214]","3145"
"dua e qunoot","[248,253,255,251,298,272,271,342,297,644,527]","3658"
"dua lipa nude","[446,502,446,355,290,421,320,262,271,360,257]","3930"
"dua lipa songs","[391,366,350,362,474,439,395,388,368,332,340]","4205"
"consulta dua","[444,336,282,467,499,519,456,406,417,476,469]","4771"
"nusa dua","[379,381,321,444,527,489,484,416,454,431,453]","4779"
"lipa","[616,630,409,619,740,667,637,654,673,577,700]","6922"
"dua qunoot","[767,744,616,642,716,734,723,797,743,1271,1092]","8845"
"future nostalgia - dua lipa","[3793,3231,3629,3508,3490,2501,1468,1725,1771,1617,1742]","28475"
"don't start now - dua lipa","[3818,3164,3574,3616,3576,2527,1500,1804,1815,1598,1746]","28738"
"levitating - dua lipa","[3880,3221,3821,3534,3589,2540,1562,1780,1921,1700,1737]","29285"
"dua lipa","[24012,15731,14188,13847,13122,12878,11941,11064,12079,11793,11003]","151658"
